"SPECIES","NAME","b","a","b_std_err","b_tval","b_pval","a_std_err","a_tval","a_pval","adj_r2","r2","F_val","F_num_df","F_den_df","Ymin","Ymax","Z_VAL","SIG_95"
"S1","Acer platanoides",0.00218055555555556,-3.81491666666667,NA,NA,NA,NA,NA,NA,NA,1,NA,1,0,1938,2010,1.28870477821342,FALSE
"S2","Adonis vernalis",0.00197222222222222,-3.45616666666667,NA,NA,NA,NA,NA,NA,NA,1,NA,1,0,1938,2010,0.746531368985124,FALSE
"S3","Aira praecox",-0.00673611111111112,13.9305833333333,NA,NA,NA,NA,NA,NA,NA,1,NA,1,0,1938,2010,-3.02977098063896,TRUE
"S4","Ajuga pyramidalis",-0.002125,4.64025,NA,NA,NA,NA,NA,NA,NA,1,NA,1,0,1938,2010,-0.76721855123783,FALSE
"S5","Alchemilla acutiloba",-0.00893055555555556,18.1594166666667,NA,NA,NA,NA,NA,NA,NA,1,NA,1,0,1938,2010,-3.32785601646174,TRUE
"S6","Alchemilla filicaulis",-0.00706944444444445,14.2575833333333,NA,NA,NA,NA,NA,NA,NA,1,NA,1,0,1938,2010,-3.0932677225999,TRUE
"S7","Alchemilla glabra",-0.011,22.29,NA,NA,NA,NA,NA,NA,NA,1,NA,1,0,1938,2010,-4.67405113049326,TRUE
"S8","Alchemilla micans",-0.000416666666666666,1.1705,NA,NA,NA,NA,NA,NA,NA,1,NA,1,0,1938,2010,-0.245497866462326,FALSE
"S9","Alchemilla monticola",-0.00786111111111112,16.0708333333333,NA,NA,NA,NA,NA,NA,NA,1,NA,1,0,1938,2010,-3.13815506546101,TRUE
"S10","Alchemilla subcrenata",-0.00341666666666667,7.1215,NA,NA,NA,NA,NA,NA,NA,1,NA,1,0,1938,2010,-1.56684719803427,FALSE
"S11","Allium ursinum",0.0025,-4.56900000000001,NA,NA,NA,NA,NA,NA,NA,1,NA,1,0,1938,2010,1.0263118409131,FALSE
"S12","Alnus glutinosa",-0.00388888888888889,8.31466666666667,NA,NA,NA,NA,NA,NA,NA,1,NA,1,0,1938,2010,-1.83225827463304,FALSE
"S13","Alopecurus arundinaceus",-0.00608333333333334,12.8345,NA,NA,NA,NA,NA,NA,NA,1,NA,1,0,1938,2010,-1.94959566728708,FALSE
"S14","Alopecurus pratensis",-0.00583333333333334,12.058,NA,NA,NA,NA,NA,NA,NA,1,NA,1,0,1938,2010,-3.02777908893838,TRUE
"S15","Alyssum alyssoides",-0.00952777777777778,19.4238333333333,NA,NA,NA,NA,NA,NA,NA,1,NA,1,0,1938,2010,-3.98245342628532,TRUE
"S16","Anacamptis morio",-0.00258333333333334,5.6055,NA,NA,NA,NA,NA,NA,NA,1,NA,1,0,1938,2010,-1.47151714529394,FALSE
"S17","Anacamptis pyramidalis",-0.00663888888888889,13.5711666666667,NA,NA,NA,NA,NA,NA,NA,1,NA,1,0,1938,2010,-2.99188585995866,TRUE
"S18","Anemone sylvestris",0.00358333333333334,-6.74550000000001,NA,NA,NA,NA,NA,NA,NA,1,NA,1,0,1938,2010,2.02093594857287,TRUE
"S19","Anthemis arvensis",-0.00934722222222223,19.0649166666667,NA,NA,NA,NA,NA,NA,NA,1,NA,1,0,1938,2010,-4.02582819253351,TRUE
"S20","Anthriscus caucalis",-0.00515277777777778,10.6600833333333,NA,NA,NA,NA,NA,NA,NA,1,NA,1,0,1938,2010,-2.47840548583789,TRUE
"S21","Apera interrupta",-0.00445833333333334,9.22825000000001,NA,NA,NA,NA,NA,NA,NA,1,NA,1,0,1938,2010,-2.28424915607039,TRUE
"S22","Arabidopsis thaliana",-0.00309722222222222,6.75041666666667,NA,NA,NA,NA,NA,NA,NA,1,NA,1,0,1938,2010,-1.46697827953684,FALSE
"S23","Arctium lappa",-0.00402777777777778,8.45583333333334,NA,NA,NA,NA,NA,NA,NA,1,NA,1,0,1938,2010,-2.25137909091145,TRUE
"S24","Arctium tomentosum",-0.00456944444444445,9.58658333333334,NA,NA,NA,NA,NA,NA,NA,1,NA,1,0,1938,2010,-2.35746913248471,TRUE
"S25","Artemisia maritima",-0.00372222222222222,7.78766666666667,NA,NA,NA,NA,NA,NA,NA,1,NA,1,0,1938,2010,-1.29065606365806,FALSE
"S26","Artemisia oelandica",-0.006625,13.75825,NA,NA,NA,NA,NA,NA,NA,1,NA,1,0,1938,2010,-2.20349770745842,TRUE
"S27","Artemisia rupestris",-0.0177916666666667,36.07725,NA,NA,NA,NA,NA,NA,NA,1,NA,1,0,1938,2010,-4.65151302294212,TRUE
"S28","Asplenium viride",-0.0072638888888889,14.8324166666667,NA,NA,NA,NA,NA,NA,NA,1,NA,1,0,1938,2010,-1.48651546789213,FALSE
"S29","Astragalus glycyphyllos",-0.005,10.391,NA,NA,NA,NA,NA,NA,NA,1,NA,1,0,1938,2010,-2.66177844853305,TRUE
"S30","Athyrium filix-femina",-0.00548611111111111,11.3790833333333,NA,NA,NA,NA,NA,NA,NA,1,NA,1,0,1938,2010,-2.85118674908971,TRUE
"S31","Atriplex pedunculata",-0.00780555555555556,15.8571666666667,NA,NA,NA,NA,NA,NA,NA,1,NA,1,0,1938,2010,-2.467381657474,TRUE
"S32","Avenella flexuosa",-0.00426388888888889,9.06041666666667,NA,NA,NA,NA,NA,NA,NA,1,NA,1,0,1938,2010,-1.97163846031399,TRUE
"S33","Baldellia ranunculoides",-0.0055,11.457,NA,NA,NA,NA,NA,NA,NA,1,NA,1,0,1938,2010,-2.38619171410882,TRUE
"S34","Berberis vulgaris",-0.000708333333333334,1.83075,NA,NA,NA,NA,NA,NA,NA,1,NA,1,0,1938,2010,-0.476302813156919,FALSE
"S35","Berula erecta",0.00231944444444445,-4.23808333333334,NA,NA,NA,NA,NA,NA,NA,1,NA,1,0,1938,2010,1.69904714615111,FALSE
"S36","Blysmus rufus",-0.0123472222222222,24.9779166666667,NA,NA,NA,NA,NA,NA,NA,1,NA,1,0,1938,2010,-4.03553473589151,TRUE
"S37","Botrychium lunaria",-0.00618055555555556,12.6749166666667,NA,NA,NA,NA,NA,NA,NA,1,NA,1,0,1938,2010,-3.33429228664396,TRUE
"S38","Brachypodium pinnatum",-0.00377777777777778,7.94433333333334,NA,NA,NA,NA,NA,NA,NA,1,NA,1,0,1938,2010,-2.02058825313142,TRUE
"S39","Brachypodium sylvaticum",-0.00247222222222222,5.40616666666667,NA,NA,NA,NA,NA,NA,NA,1,NA,1,0,1938,2010,-1.38757946160757,FALSE
"S40","Bromopsis benekenii",0.00052777777777778,-0.611833333333337,NA,NA,NA,NA,NA,NA,NA,1,NA,1,0,1938,2010,0.286200084555885,FALSE
"S41","Bupleurum tenuissimum",0.00193055555555556,-3.37841666666667,NA,NA,NA,NA,NA,NA,NA,1,NA,1,0,1938,2010,1.25184590771255,FALSE
"S42","Cakile maritima",0.00233333333333334,-3.93400000000001,NA,NA,NA,NA,NA,NA,NA,1,NA,1,0,1938,2010,0.980930963782405,FALSE
"S43","Calamagrostis canescens",-0.00675000000000001,13.8605,NA,NA,NA,NA,NA,NA,NA,1,NA,1,0,1938,2010,-3.34022590802996,TRUE
"S44","Caltha palustris",-0.0143611111111111,29.4288333333334,NA,NA,NA,NA,NA,NA,NA,1,NA,1,0,1938,2010,-3.53860665991583,TRUE
"S45","Campanula cervicaria",-0.00455555555555556,9.41066666666667,NA,NA,NA,NA,NA,NA,NA,1,NA,1,0,1938,2010,-2.62391603603025,TRUE
"S46","Campanula latifolia",-0.002875,6.12375000000001,NA,NA,NA,NA,NA,NA,NA,1,NA,1,0,1938,2010,-1.58925436698183,FALSE
"S47","Cardamine amara",-0.00025,0.876500000000001,NA,NA,NA,NA,NA,NA,NA,1,NA,1,0,1938,2010,-0.116873261230089,FALSE
"S48","Cardamine bulbifera",-0.00188888888888889,4.23666666666667,NA,NA,NA,NA,NA,NA,NA,1,NA,1,0,1938,2010,-1.0522420867647,FALSE
"S49","Carduus nutans",-0.00105555555555555,2.43866666666667,NA,NA,NA,NA,NA,NA,NA,1,NA,1,0,1938,2010,-0.707781062870082,FALSE
"S50","Carex acutiformis",-0.00473611111111111,9.71558333333334,NA,NA,NA,NA,NA,NA,NA,1,NA,1,0,1938,2010,-2.95185547251398,TRUE
"S51","Carex appropinquata",-0.00311111111111111,6.54333333333334,NA,NA,NA,NA,NA,NA,NA,1,NA,1,0,1938,2010,-1.26994248740505,FALSE
"S52","Carex arenaria",-0.00548611111111111,11.4990833333333,NA,NA,NA,NA,NA,NA,NA,1,NA,1,0,1938,2010,-2.39358774480321,TRUE
"S53","Carex canescens",-0.00184722222222222,4.23391666666667,NA,NA,NA,NA,NA,NA,NA,1,NA,1,0,1938,2010,-0.461058519322329,FALSE
"S54","Carex colchica",-0.00141666666666667,3.1335,NA,NA,NA,NA,NA,NA,NA,1,NA,1,0,1938,2010,-0.902513518231772,FALSE
"S55","Carex digitata",-0.00236111111111111,5.10883333333333,NA,NA,NA,NA,NA,NA,NA,1,NA,1,0,1938,2010,-1.22226268825085,FALSE
"S56","Carex distans",-0.0086388888888889,17.5861666666667,NA,NA,NA,NA,NA,NA,NA,1,NA,1,0,1938,2010,-3.50451734945621,TRUE
"S57","Carex echinata",-0.00884722222222223,18.0639166666667,NA,NA,NA,NA,NA,NA,NA,1,NA,1,0,1938,2010,-3.04561653678743,TRUE
"S58","Carex elata",-0.0167222222222222,34.1536666666667,NA,NA,NA,NA,NA,NA,NA,1,NA,1,0,1938,2010,-3.73134721830385,TRUE
"S59","Carex extensa",-0.00729166666666667,14.92225,NA,NA,NA,NA,NA,NA,NA,1,NA,1,0,1938,2010,-2.51715340016684,TRUE
"S60","Carex flava",-0.00468055555555556,9.67491666666668,NA,NA,NA,NA,NA,NA,NA,1,NA,1,0,1938,2010,-1.73231013429294,FALSE
"S61","Carex lasiocarpa",-0.00904166666666668,18.38875,NA,NA,NA,NA,NA,NA,NA,1,NA,1,0,1938,2010,-4.1418784457762,TRUE
"S62","Carex leporina",-0.003875,8.12275000000001,NA,NA,NA,NA,NA,NA,NA,1,NA,1,0,1938,2010,-2.14374507184272,TRUE
"S63","Carex obtusata",-0.00856944444444445,17.5205833333333,NA,NA,NA,NA,NA,NA,NA,1,NA,1,0,1938,2010,-3.71626063987431,TRUE
"S64","Carex ornithopoda",-0.00180555555555556,3.92116666666667,NA,NA,NA,NA,NA,NA,NA,1,NA,1,0,1938,2010,-1.12800653151046,FALSE
"S65","Carex pilulifera",-0.00075,1.8825,NA,NA,NA,NA,NA,NA,NA,1,NA,1,0,1938,2010,-0.463523582362144,FALSE
"S66","Carex pulicaris",-0.00904166666666667,18.35875,NA,NA,NA,NA,NA,NA,NA,1,NA,1,0,1938,2010,-4.47235229578124,TRUE
"S67","Carex remota",-0.00288888888888889,6.32666666666667,NA,NA,NA,NA,NA,NA,NA,1,NA,1,0,1938,2010,-0.857945354642799,FALSE
"S68","Carex riparia",-0.00541666666666667,11.1695,NA,NA,NA,NA,NA,NA,NA,1,NA,1,0,1938,2010,-3.00444774150825,TRUE
"S69","Carex rostrata",-0.00441666666666667,9.1365,NA,NA,NA,NA,NA,NA,NA,1,NA,1,0,1938,2010,-1.73418718841449,FALSE
"S70","Carex sylvatica",-0.006,12.41,NA,NA,NA,NA,NA,NA,NA,1,NA,1,0,1938,2010,-2.91885229138564,TRUE
"S71","Carex tomentosa",-0.00247222222222222,5.37816666666667,NA,NA,NA,NA,NA,NA,NA,1,NA,1,0,1938,2010,-1.32215080782061,FALSE
"S72","Carex vesicaria",-0.00647222222222223,13.3481666666667,NA,NA,NA,NA,NA,NA,NA,1,NA,1,0,1938,2010,-3.02712300887521,TRUE
"S73","Carex vulpina",-0.00693055555555556,14.1344166666667,NA,NA,NA,NA,NA,NA,NA,1,NA,1,0,1938,2010,-3.39330180058105,TRUE
"S74","Carpinus betulus",0.00159722222222222,-2.85141666666667,NA,NA,NA,NA,NA,NA,NA,1,NA,1,0,1938,2010,0.979655162812979,FALSE
"S75","Catabrosa aquatica",-0.00583333333333334,11.865,NA,NA,NA,NA,NA,NA,NA,1,NA,1,0,1938,2010,-2.76639267214289,TRUE
"S76","Centaurium erythraea var. capitatum",-0.0134166666666667,27.1005,NA,NA,NA,NA,NA,NA,NA,1,NA,1,0,1938,2010,-2.89048008135763,TRUE
"S77","Centaurium erythraea var. erythraea",-0.00573611111111111,11.8865833333333,NA,NA,NA,NA,NA,NA,NA,1,NA,1,0,1938,2010,-2.88811188811189,TRUE
"S78","Centaurium littorale",-0.00752777777777778,15.5538333333333,NA,NA,NA,NA,NA,NA,NA,1,NA,1,0,1938,2010,-3.16224536660055,TRUE
"S79","Centaurium pulchellum",-0.00359722222222223,7.72041666666667,NA,NA,NA,NA,NA,NA,NA,1,NA,1,0,1938,2010,-1.74582058062967,FALSE
"S80","Cephalanthera longifolia",-0.00261111111111111,5.64133333333333,NA,NA,NA,NA,NA,NA,NA,1,NA,1,0,1938,2010,-1.11516253888165,FALSE
"S81","Cerastium arvense",-0.00184722222222222,4.18591666666667,NA,NA,NA,NA,NA,NA,NA,1,NA,1,0,1938,2010,-1.02465452913827,FALSE
"S82","Chaenorhinum minus",-0.00148611111111111,3.52408333333333,NA,NA,NA,NA,NA,NA,NA,1,NA,1,0,1938,2010,-0.756717772049765,FALSE
"S83","Chenopodiastrum hybridum",-0.00325,6.8945,NA,NA,NA,NA,NA,NA,NA,1,NA,1,0,1938,2010,-1.94500881198689,FALSE
"S84","Cichorium intybus",-0.00052777777777778,1.91583333333334,NA,NA,NA,NA,NA,NA,NA,1,NA,1,0,1938,2010,-0.161555923174292,FALSE
"S85","Cladium mariscus",-0.001125,2.64825,NA,NA,NA,NA,NA,NA,NA,1,NA,1,0,1938,2010,-0.71402368560652,FALSE
"S86","Coeloglossum viride",-0.00358333333333334,7.48650000000001,NA,NA,NA,NA,NA,NA,NA,1,NA,1,0,1938,2010,-1.80844576830213,FALSE
"S87","Comarum palustre",-0.00251388888888889,5.32591666666667,NA,NA,NA,NA,NA,NA,NA,1,NA,1,0,1938,2010,-1.67931273013348,FALSE
"S88","Conium maculatum",0.00173611111111111,-2.99058333333334,NA,NA,NA,NA,NA,NA,NA,1,NA,1,0,1938,2010,1.08433596426907,FALSE
"S89","Consolida regalis",-0.00454166666666667,9.50375000000001,NA,NA,NA,NA,NA,NA,NA,1,NA,1,0,1938,2010,-2.4525536501979,TRUE
"S90","Corydalis cava",0.00125,-2.1395,NA,NA,NA,NA,NA,NA,NA,1,NA,1,0,1938,2010,0.859288887912383,FALSE
"S91","Corynephorus canescens",-0.00812500000000001,16.65425,NA,NA,NA,NA,NA,NA,NA,1,NA,1,0,1938,2010,-3.30783106146155,TRUE
"S92","Cota tinctoria",-0.00709722222222223,14.6544166666667,NA,NA,NA,NA,NA,NA,NA,1,NA,1,0,1938,2010,-3.15907932026554,TRUE
"S93","Cotoneaster niger",-0.00681944444444445,13.9940833333333,NA,NA,NA,NA,NA,NA,NA,1,NA,1,0,1938,2010,-2.70082074150821,TRUE
"S94","Crepis praemorsa",-0.00372222222222223,7.73466666666667,NA,NA,NA,NA,NA,NA,NA,1,NA,1,0,1938,2010,-2.02444405992933,TRUE
"S95","Cuscuta epithymum",-0.00365277777777778,7.60408333333334,NA,NA,NA,NA,NA,NA,NA,1,NA,1,0,1938,2010,-2.0849390493772,TRUE
"S96","Dactylorhiza incarnata",-0.00794444444444445,16.5583333333333,NA,NA,NA,NA,NA,NA,NA,1,NA,1,0,1938,2010,-2.64260323001743,TRUE
"S97","Dactylorhiza sambucina",9.72222222222225e-05,0.169583333333333,NA,NA,NA,NA,NA,NA,NA,1,NA,1,0,1938,2010,0.0741498797562313,FALSE
"S98","Daphne mezereum",0.000625000000000001,-0.901250000000002,NA,NA,NA,NA,NA,NA,NA,1,NA,1,0,1938,2010,0.330810818543423,FALSE
"S99","Dasiphora fruticosa",-0.002625,5.79425,NA,NA,NA,NA,NA,NA,NA,1,NA,1,0,1938,2010,-1.11530145836775,FALSE
"S100","Drosera rotundifolia",-0.0105833333333333,21.4505,NA,NA,NA,NA,NA,NA,NA,1,NA,1,0,1938,2010,-2.55513430860101,TRUE
"S101","Dryopteris carthusiana",-0.003625,7.77625,NA,NA,NA,NA,NA,NA,NA,1,NA,1,0,1938,2010,-1.75930182063453,FALSE
"S102","Dryopteris expansa",-0.00444444444444445,9.21833333333334,NA,NA,NA,NA,NA,NA,NA,1,NA,1,0,1938,2010,-2.1289851816494,TRUE
"S103","Dryopteris filix-mas",-0.0168194444444444,34.6060833333333,NA,NA,NA,NA,NA,NA,NA,1,NA,1,0,1938,2010,-2.97312450766175,TRUE
"S104","Echium vulgare",0.00648611111111112,-12.3940833333333,NA,NA,NA,NA,NA,NA,NA,1,NA,1,0,1938,2010,3.90402184163202,TRUE
"S105","Eleocharis parvula",-0.0110833333333333,22.4705,NA,NA,NA,NA,NA,NA,NA,1,NA,1,0,1938,2010,-3.89811299346266,TRUE
"S106","Epilobium hirsutum",0.00877777777777779,-16.9233333333333,NA,NA,NA,NA,NA,NA,NA,1,NA,1,0,1938,2010,4.68662738188797,TRUE
"S107","Epilobium obscurum",-0.00718055555555556,14.6299166666667,NA,NA,NA,NA,NA,NA,NA,1,NA,1,0,1938,2010,-2.56072417048715,TRUE
"S108","Epilobium parviflorum",-0.00294444444444445,6.42233333333333,NA,NA,NA,NA,NA,NA,NA,1,NA,1,0,1938,2010,-1.45557576123034,FALSE
"S109","Epilobium roseum",-0.00345833333333334,7.23125000000001,NA,NA,NA,NA,NA,NA,NA,1,NA,1,0,1938,2010,-1.62243389853513,FALSE
"S110","Epilobium tetragonum",0.00123611111111111,-2.09558333333334,NA,NA,NA,NA,NA,NA,NA,1,NA,1,0,1938,2010,1.00534490953997,FALSE
"S111","Epipactis helleborine",-0.00597222222222223,12.3501666666667,NA,NA,NA,NA,NA,NA,NA,1,NA,1,0,1938,2010,-2.88727190340362,TRUE
"S112","Equisetum fluviatile",-0.00662500000000001,13.81825,NA,NA,NA,NA,NA,NA,NA,1,NA,1,0,1938,2010,-2.62659463822872,TRUE
"S113","Equisetum hyemale",-0.00144444444444445,3.27333333333333,NA,NA,NA,NA,NA,NA,NA,1,NA,1,0,1938,2010,-0.856032317096311,FALSE
"S114","Equisetum pratense",-0.00234722222222222,5.04991666666667,NA,NA,NA,NA,NA,NA,NA,1,NA,1,0,1938,2010,-1.18274396364481,FALSE
"S115","Equisetum variegatum",-0.001875,4.13275,NA,NA,NA,NA,NA,NA,NA,1,NA,1,0,1938,2010,-1.1441499706305,FALSE
"S116","Eriophorum angustifolium",-0.0133611111111111,27.3088333333334,NA,NA,NA,NA,NA,NA,NA,1,NA,1,0,1938,2010,-3.83751488335014,TRUE
"S117","Eriophorum latifolium",-0.006625,13.52325,NA,NA,NA,NA,NA,NA,NA,1,NA,1,0,1938,2010,-3.59992310677122,TRUE
"S118","Euphorbia palustris",-0.00762500000000001,15.55425,NA,NA,NA,NA,NA,NA,NA,1,NA,1,0,1938,2010,-3.01402772585058,TRUE
"S119","Festuca polesica",-0.00383333333333333,8.046,NA,NA,NA,NA,NA,NA,NA,1,NA,1,0,1938,2010,-1.84769421619241,FALSE
"S120","Filago arvensis",-0.00597222222222223,12.2641666666667,NA,NA,NA,NA,NA,NA,NA,1,NA,1,0,1938,2010,-3.04635273844424,TRUE
"S121","Frangula alnus",-0.006625,13.84025,NA,NA,NA,NA,NA,NA,NA,1,NA,1,0,1938,2010,-2.56388627711835,TRUE
"S122","Galatella linosyris",-0.00227777777777778,4.94833333333334,NA,NA,NA,NA,NA,NA,NA,1,NA,1,0,1938,2010,-1.21189250716228,FALSE
"S123","Galium mollugo",-5.55555555555532e-05,0.822666666666662,NA,NA,NA,NA,NA,NA,NA,1,NA,1,0,1938,2010,-0.0224414742625314,FALSE
"S124","Geranium columbinum",-8.3333333333332e-05,0.692499999999997,NA,NA,NA,NA,NA,NA,NA,1,NA,1,0,1938,2010,-0.0472382372981729,FALSE
"S125","Geranium dissectum",-0.00211111111111111,4.86333333333333,NA,NA,NA,NA,NA,NA,NA,1,NA,1,0,1938,2010,-0.908747055169849,FALSE
"S126","Geranium sylvaticum",-0.00294444444444445,6.22333333333334,NA,NA,NA,NA,NA,NA,NA,1,NA,1,0,1938,2010,-1.77525551699483,FALSE
"S127","Globularia vulgaris",-0.00086111111111111,2.17983333333333,NA,NA,NA,NA,NA,NA,NA,1,NA,1,0,1938,2010,-0.409949276714113,FALSE
"S128","Glyceria notata",-0.00445833333333333,9.20825,NA,NA,NA,NA,NA,NA,NA,1,NA,1,0,1938,2010,-1.81701347507381,FALSE
"S129","Gnaphalium sylvaticum",-0.00444444444444445,9.20433333333334,NA,NA,NA,NA,NA,NA,NA,1,NA,1,0,1938,2010,-2.27041733285778,TRUE
"S130","Gymnocarpium dryopteris",-0.00605555555555556,12.3996666666667,NA,NA,NA,NA,NA,NA,NA,1,NA,1,0,1938,2010,-3.37913432325908,TRUE
"S131","Gypsophila fastigiata",-0.00558333333333334,11.6885,NA,NA,NA,NA,NA,NA,NA,1,NA,1,0,1938,2010,-1.88367381152201,FALSE
"S132","Hedera helix",0.00255555555555556,-4.33766666666668,NA,NA,NA,NA,NA,NA,NA,1,NA,1,0,1938,2010,0.957282208771095,FALSE
"S133","Helichrysum arenarium",-0.00643055555555556,13.1214166666667,NA,NA,NA,NA,NA,NA,NA,1,NA,1,0,1938,2010,-2.09168482737394,TRUE
"S134","Herminium monorchis",-0.0192083333333333,38.87975,NA,NA,NA,NA,NA,NA,NA,1,NA,1,0,1938,2010,-4.83398033587517,TRUE
"S135","Hieracium subulatidens",0.00147222222222222,-2.53916666666667,NA,NA,NA,NA,NA,NA,NA,1,NA,1,0,1938,2010,0.97268175745199,FALSE
"S136","Hieracium triviale",-0.0055,11.381,NA,NA,NA,NA,NA,NA,NA,1,NA,1,0,1938,2010,-2.63159233533537,TRUE
"S137","Hippuris vulgaris",-0.000888888888888889,2.10366666666667,NA,NA,NA,NA,NA,NA,NA,1,NA,1,0,1938,2010,-0.545397325402575,FALSE
"S138","Holcus lanatus",-0.00277777777777778,6.08933333333333,NA,NA,NA,NA,NA,NA,NA,1,NA,1,0,1938,2010,-1.38118385043098,FALSE
"S139","Holcus mollis",-0.00280555555555556,5.99716666666667,NA,NA,NA,NA,NA,NA,NA,1,NA,1,0,1938,2010,-1.4697615648984,FALSE
"S140","Honckenya peploides",0.00220833333333334,-3.78475,NA,NA,NA,NA,NA,NA,NA,1,NA,1,0,1938,2010,0.981687236918527,FALSE
"S141","Hottonia palustris",-0.00308333333333333,6.6275,NA,NA,NA,NA,NA,NA,NA,1,NA,1,0,1938,2010,-1.04392305297237,FALSE
"S142","Hylotelephium telephium",-0.00152777777777778,3.49183333333334,NA,NA,NA,NA,NA,NA,NA,1,NA,1,0,1938,2010,-0.939793423488437,FALSE
"S143","Hypochaeris radicata",-0.00105555555555555,2.66866666666667,NA,NA,NA,NA,NA,NA,NA,1,NA,1,0,1938,2010,-0.544303133095501,FALSE
"S144","Hyssopus officinalis",-0.00231944444444445,4.92908333333333,NA,NA,NA,NA,NA,NA,NA,1,NA,1,0,1938,2010,-1.31223793088605,FALSE
"S145","Iris pseudacorus",-0.00744444444444445,15.5053333333333,NA,NA,NA,NA,NA,NA,NA,1,NA,1,0,1938,2010,-2.69906196051401,TRUE
"S146","Isatis tinctoria",0.000888888888888891,-1.09566666666667,NA,NA,NA,NA,NA,NA,NA,1,NA,1,0,1938,2010,0.373687986202821,FALSE
"S147","Jacobaea vulgaris",-0.00209722222222222,4.59141666666667,NA,NA,NA,NA,NA,NA,NA,1,NA,1,0,1938,2010,-1.33190942926606,FALSE
"S148","Jacobaea vulgaris subsp. gotlandica",0.00283333333333334,-5.28700000000001,NA,NA,NA,NA,NA,NA,NA,1,NA,1,0,1938,2010,1.60030766272758,FALSE
"S149","Jasione montana",-0.00209722222222222,4.66541666666667,NA,NA,NA,NA,NA,NA,NA,1,NA,1,0,1938,2010,-1.02115642778848,FALSE
"S150","Juncus bulbosus",-0.00186111111111111,4.06983333333334,NA,NA,NA,NA,NA,NA,NA,1,NA,1,0,1938,2010,-0.906191796845402,FALSE
"S151","Juncus effusus",-0.00184722222222222,4.17291666666666,NA,NA,NA,NA,NA,NA,NA,1,NA,1,0,1938,2010,-0.988635836782138,FALSE
"S152","Juncus squarrosus",-0.0126527777777778,25.4720833333334,NA,NA,NA,NA,NA,NA,NA,1,NA,1,0,1938,2010,-3.03852411023754,TRUE
"S153","Kali turgida",-0.00284722222222222,6.15691666666667,NA,NA,NA,NA,NA,NA,NA,1,NA,1,0,1938,2010,-1.27135602953939,FALSE
"S154","Koeleria glauca",-0.00213888888888889,4.50816666666667,NA,NA,NA,NA,NA,NA,NA,1,NA,1,0,1938,2010,-0.952124083230416,FALSE
"S155","Lappula squarrosa",-0.00886111111111112,17.9148333333333,NA,NA,NA,NA,NA,NA,NA,1,NA,1,0,1938,2010,-3.81189446239333,TRUE
"S156","Lathraea squamaria",-0.000388888888888888,1.14666666666666,NA,NA,NA,NA,NA,NA,NA,1,NA,1,0,1938,2010,-0.243037609104977,FALSE
"S157","Lathyrus linifolius",-0.00213888888888889,4.64116666666667,NA,NA,NA,NA,NA,NA,NA,1,NA,1,0,1938,2010,-1.179981362054,FALSE
"S158","Lathyrus niger",-0.00340277777777778,7.17158333333333,NA,NA,NA,NA,NA,NA,NA,1,NA,1,0,1938,2010,-1.67380811492863,FALSE
"S159","Lathyrus vernus",-0.0085138888888889,17.4229166666667,NA,NA,NA,NA,NA,NA,NA,1,NA,1,0,1938,2010,-3.50537619578284,TRUE
"S160","Lepidium ruderale",-0.000444444444444443,1.28133333333333,NA,NA,NA,NA,NA,NA,NA,1,NA,1,0,1938,2010,-0.25798902310292,FALSE
"S161","Leymus arenarius",2.77777777777788e-05,0.565166666666664,NA,NA,NA,NA,NA,NA,NA,1,NA,1,0,1938,2010,0.0119571980943401,FALSE
"S162","Lithospermum officinale",-0.000694444444444445,1.79183333333333,NA,NA,NA,NA,NA,NA,NA,1,NA,1,0,1938,2010,-0.457504222783464,FALSE
"S163","Logfia minima",-0.00619444444444445,12.6748333333333,NA,NA,NA,NA,NA,NA,NA,1,NA,1,0,1938,2010,-2.76067069423217,TRUE
"S164","Lonicera xylosteum",-0.00279166666666667,5.98625,NA,NA,NA,NA,NA,NA,NA,1,NA,1,0,1938,2010,-1.65686228587907,FALSE
"S165","Lotus maritimus",-0.00681944444444445,14.1710833333333,NA,NA,NA,NA,NA,NA,NA,1,NA,1,0,1938,2010,-2.82627670828744,TRUE
"S166","Luzula pilosa",-0.00656944444444445,13.6735833333333,NA,NA,NA,NA,NA,NA,NA,1,NA,1,0,1938,2010,-2.48233263730771,TRUE
"S167","Lychnis flos-cuculi",-0.0121666666666667,24.634,NA,NA,NA,NA,NA,NA,NA,1,NA,1,0,1938,2010,-4.89698887072454,TRUE
"S168","Lysimachia europaea",-0.00355555555555556,7.60966666666667,NA,NA,NA,NA,NA,NA,NA,1,NA,1,0,1938,2010,-1.41073064312941,FALSE
"S169","Lysimachia maritima",-0.01,20.758,NA,NA,NA,NA,NA,NA,NA,1,NA,1,0,1938,2010,-2.89483642311954,TRUE
"S170","Lysimachia thyrsiflora",-0.00415277777777778,8.68308333333334,NA,NA,NA,NA,NA,NA,NA,1,NA,1,0,1938,2010,-1.39258183416954,FALSE
"S171","Maianthemum bifolium",-0.011,22.552,NA,NA,NA,NA,NA,NA,NA,1,NA,1,0,1938,2010,-3.63497847050451,TRUE
"S172","Malva alcea",-0.000625,1.60225,NA,NA,NA,NA,NA,NA,NA,1,NA,1,0,1938,2010,-0.404487232961472,FALSE
"S173","Malva sylvestris",-0.000249999999999997,0.941499999999994,NA,NA,NA,NA,NA,NA,NA,1,NA,1,0,1938,2010,-0.161280999171141,FALSE
"S174","Matricaria chamomilla",-0.00669444444444444,13.9578333333333,NA,NA,NA,NA,NA,NA,NA,1,NA,1,0,1938,2010,-2.64098686336701,TRUE
"S175","Melampyrum arvense",-0.00198611111111111,4.31708333333333,NA,NA,NA,NA,NA,NA,NA,1,NA,1,0,1938,2010,-1.11920448667861,FALSE
"S176","Melampyrum nemorosum",-0.00194444444444445,4.25333333333334,NA,NA,NA,NA,NA,NA,NA,1,NA,1,0,1938,2010,-0.851225060434674,FALSE
"S177","Melampyrum sylvaticum",-0.00666666666666667,13.722,NA,NA,NA,NA,NA,NA,NA,1,NA,1,0,1938,2010,-2.83740675095681,TRUE
"S178","Melica ciliata",0.000500000000000002,-0.554000000000004,NA,NA,NA,NA,NA,NA,NA,1,NA,1,0,1938,2010,0.299739921927706,FALSE
"S179","Melica uniflora",-0.00383333333333333,8.12,NA,NA,NA,NA,NA,NA,NA,1,NA,1,0,1938,2010,-1.94607627973486,FALSE
"S180","Milium effusum",-0.00198611111111111,4.41508333333333,NA,NA,NA,NA,NA,NA,NA,1,NA,1,0,1938,2010,-1.04982584777704,FALSE
"S181","Monotropa hypophegea",0.00122222222222222,-2.13766666666667,NA,NA,NA,NA,NA,NA,NA,1,NA,1,0,1938,2010,0.818118084175065,FALSE
"S182","Monotropa hypopitys",0.00116666666666667,-1.905,NA,NA,NA,NA,NA,NA,NA,1,NA,1,0,1938,2010,0.562240935369787,FALSE
"S183","Myosotis scorpioides",-0.00430555555555556,8.93516666666667,NA,NA,NA,NA,NA,NA,NA,1,NA,1,0,1938,2010,-2.46420090728458,TRUE
"S184","Myrica gale",-0.00806944444444445,16.4475833333333,NA,NA,NA,NA,NA,NA,NA,1,NA,1,0,1938,2010,-2.71350198652311,TRUE
"S185","Myriophyllum alterniflorum",-0.00729166666666667,14.86625,NA,NA,NA,NA,NA,NA,NA,1,NA,1,0,1938,2010,-2.95391666344065,TRUE
"S186","Myriophyllum spicatum",0.00322222222222223,-5.99966666666667,NA,NA,NA,NA,NA,NA,NA,1,NA,1,0,1938,2010,2.21364371560462,TRUE
"S187","Nardus stricta",-0.00815277777777778,16.6840833333333,NA,NA,NA,NA,NA,NA,NA,1,NA,1,0,1938,2010,-3.3679501957304,TRUE
"S188","Neotinea ustulata",-0.0118611111111111,24.4638333333333,NA,NA,NA,NA,NA,NA,NA,1,NA,1,0,1938,2010,-3.12201156807693,TRUE
"S189","Neottia nidus-avis",-0.00381944444444445,7.99408333333334,NA,NA,NA,NA,NA,NA,NA,1,NA,1,0,1938,2010,-2.091511789135,TRUE
"S190","Nepeta cataria",-0.00711111111111111,14.4123333333333,NA,NA,NA,NA,NA,NA,NA,1,NA,1,0,1938,2010,-3.7348391628833,TRUE
"S191","Neslia paniculata",-0.00654166666666667,13.28975,NA,NA,NA,NA,NA,NA,NA,1,NA,1,0,1938,2010,-3.63980679303094,TRUE
"S192","Noccaea perfoliata",0.00427777777777778,-8.09533333333334,NA,NA,NA,NA,NA,NA,NA,1,NA,1,0,1938,2010,3.30495693722887,TRUE
"S193","Nymphaea alba",-0.00313888888888889,6.56316666666667,NA,NA,NA,NA,NA,NA,NA,1,NA,1,0,1938,2010,-1.6195828104387,FALSE
"S194","Ononis spinosa subsp. hircina",-0.00786111111111112,16.1058333333333,NA,NA,NA,NA,NA,NA,NA,1,NA,1,0,1938,2010,-3.69021453517566,TRUE
"S195","Ononis spinosa subsp. procurrens",-0.00393055555555556,8.23241666666667,NA,NA,NA,NA,NA,NA,NA,1,NA,1,0,1938,2010,-2.13775249611941,TRUE
"S196","Onopordum acanthium",-0.000819444444444444,2.07408333333333,NA,NA,NA,NA,NA,NA,NA,1,NA,1,0,1938,2010,-0.519990320293268,FALSE
"S197","Ophioglossum vulgatum",-0.0123888888888889,25.3666666666667,NA,NA,NA,NA,NA,NA,NA,1,NA,1,0,1938,2010,-3.72047952828563,TRUE
"S198","Ophrys insectifera",-0.00151388888888889,3.39691666666667,NA,NA,NA,NA,NA,NA,NA,1,NA,1,0,1938,2010,-1.06105654565746,FALSE
"S199","Orchis militaris",-0.0106666666666667,22.03,NA,NA,NA,NA,NA,NA,NA,1,NA,1,0,1938,2010,-3.09292953072822,TRUE
"S200","Orthilia secunda",-0.00173611111111111,3.85358333333333,NA,NA,NA,NA,NA,NA,NA,1,NA,1,0,1938,2010,-0.996815278536125,FALSE
"S201","Oxalis acetosella",-0.00722222222222223,14.9806666666667,NA,NA,NA,NA,NA,NA,NA,1,NA,1,0,1938,2010,-2.66460025667749,TRUE
"S202","Oxytropis campestris",-0.0113472222222222,23.3079166666667,NA,NA,NA,NA,NA,NA,NA,1,NA,1,0,1938,2010,-3.53375156822358,TRUE
"S203","Papaver rhoeas",0.00177777777777778,-3.03333333333334,NA,NA,NA,NA,NA,NA,NA,1,NA,1,0,1938,2010,1.090161480152,FALSE
"S204","Pedicularis palustris",-0.00708333333333334,14.4245,NA,NA,NA,NA,NA,NA,NA,1,NA,1,0,1938,2010,-3.46082994293321,TRUE
"S205","Persicaria hydropiper",-0.0148472222222222,29.8429166666667,NA,NA,NA,NA,NA,NA,NA,1,NA,1,0,1938,2010,-3.40445859872611,TRUE
"S206","Peucedanum palustre",-0.00381944444444444,8.02608333333333,NA,NA,NA,NA,NA,NA,NA,1,NA,1,0,1938,2010,-2.16515298044113,TRUE
"S207","Phegopteris connectilis",-0.00545833333333334,11.33425,NA,NA,NA,NA,NA,NA,NA,1,NA,1,0,1938,2010,-1.64862859457516,FALSE
"S208","Phleum arenarium",-0.00195833333333333,4.17125,NA,NA,NA,NA,NA,NA,NA,1,NA,1,0,1938,2010,-0.956883787694697,FALSE
"S209","Picea abies",0.00315277777777778,-5.62508333333334,NA,NA,NA,NA,NA,NA,NA,1,NA,1,0,1938,2010,1.43791896369441,FALSE
"S210","Pinus sylvestris",0.0052638888888889,-9.31041666666668,NA,NA,NA,NA,NA,NA,NA,1,NA,1,0,1938,2010,0.745582105990053,FALSE
"S211","Plantago coronopus",-0.00429166666666667,9.01825,NA,NA,NA,NA,NA,NA,NA,1,NA,1,0,1938,2010,-1.29097867457565,FALSE
"S212","Plantago media",-0.000861111111111111,2.11483333333333,NA,NA,NA,NA,NA,NA,NA,1,NA,1,0,1938,2010,-0.463720736016206,FALSE
"S213","Plantago tenuiflora",-0.0077638888888889,15.9144166666667,NA,NA,NA,NA,NA,NA,NA,1,NA,1,0,1938,2010,-2.90665257831975,TRUE
"S214","Plantago uniflora",-0.00861111111111111,17.5943333333333,NA,NA,NA,NA,NA,NA,NA,1,NA,1,0,1938,2010,-3.81395859686651,TRUE
"S215","Polypodium vulgare",8.33333333333342e-05,0.329499999999998,NA,NA,NA,NA,NA,NA,NA,1,NA,1,0,1938,2010,0.0502801142365494,FALSE
"S216","Potamogeton gramineus",-0.0109444444444445,22.3213333333333,NA,NA,NA,NA,NA,NA,NA,1,NA,1,0,1938,2010,-4.13837921537768,TRUE
"S217","Potamogeton natans",-0.00388888888888889,8.18766666666668,NA,NA,NA,NA,NA,NA,NA,1,NA,1,0,1938,2010,-2.20451939826733,TRUE
"S218","Potentilla crantzii",-0.00286111111111111,6.11283333333333,NA,NA,NA,NA,NA,NA,NA,1,NA,1,0,1938,2010,-1.46974233452868,FALSE
"S219","Prunella grandiflora",-0.00850000000000001,17.481,NA,NA,NA,NA,NA,NA,NA,1,NA,1,0,1938,2010,-3.22373274794743,TRUE
"S220","Pteridium aquilinum",-0.00115277777777778,2.81608333333333,NA,NA,NA,NA,NA,NA,NA,1,NA,1,0,1938,2010,-0.503520653723986,FALSE
"S221","Puccinellia distans",-0.00659722222222223,13.5314166666667,NA,NA,NA,NA,NA,NA,NA,1,NA,1,0,1938,2010,-3.01960322511061,TRUE
"S222","Pulmonaria obscura",-0.00429166666666667,8.97725000000001,NA,NA,NA,NA,NA,NA,NA,1,NA,1,0,1938,2010,-1.97392717498505,TRUE
"S223","Pyrola minor",-0.00591666666666667,12.2155,NA,NA,NA,NA,NA,NA,NA,1,NA,1,0,1938,2010,-2.5850485436536,TRUE
"S224","Pyrola rotundifolia",-0.00238888888888889,5.08666666666667,NA,NA,NA,NA,NA,NA,NA,1,NA,1,0,1938,2010,-1.44440948446596,FALSE
"S225","Radiola linoides",-0.01025,20.6645,NA,NA,NA,NA,NA,NA,NA,1,NA,1,0,1938,2010,-3.01021453415032,TRUE
"S226","Ranunculus illyricus",-0.00343055555555556,7.26141666666667,NA,NA,NA,NA,NA,NA,NA,1,NA,1,0,1938,2010,-1.78680834886299,FALSE
"S227","Ranunculus polyanthemos",-0.0102638888888889,20.7944166666667,NA,NA,NA,NA,NA,NA,NA,1,NA,1,0,1938,2010,-4.67515560861671,TRUE
"S228","Rhododendron tomentosum",-0.0104861111111111,21.3190833333333,NA,NA,NA,NA,NA,NA,NA,1,NA,1,0,1938,2010,-2.55346042406388,TRUE
"S229","Ribes alpinum",-0.00245833333333333,5.45025,NA,NA,NA,NA,NA,NA,NA,1,NA,1,0,1938,2010,-1.22022544841316,FALSE
"S230","Rorippa palustris",-0.000236111111111111,0.930583333333333,NA,NA,NA,NA,NA,NA,NA,1,NA,1,0,1938,2010,-0.131977394984464,FALSE
"S231","Rosa majalis",-0.00705555555555556,14.3196666666667,NA,NA,NA,NA,NA,NA,NA,1,NA,1,0,1938,2010,-3.92152324439668,TRUE
"S232","Rosa rubiginosa",0.000555555555555556,-0.739666666666668,NA,NA,NA,NA,NA,NA,NA,1,NA,1,0,1938,2010,0.395865013251922,FALSE
"S233","Rubus idaeus",0.00223611111111111,-3.73858333333334,NA,NA,NA,NA,NA,NA,NA,1,NA,1,0,1938,2010,0.904480108683057,FALSE
"S234","Rubus plicatus",-0.00188888888888889,4.41266666666667,NA,NA,NA,NA,NA,NA,NA,1,NA,1,0,1938,2010,-0.700435635569463,FALSE
"S235","Rubus wahlbergii",-0.00101388888888889,2.65391666666667,NA,NA,NA,NA,NA,NA,NA,1,NA,1,0,1938,2010,-0.463831091442538,FALSE
"S236","Rumex crispus var. oelandicus",0.00104166666666667,-1.62375,NA,NA,NA,NA,NA,NA,NA,1,NA,1,0,1938,2010,0.456494643655152,FALSE
"S237","Rumex sanguineus",-8.3333333333332e-05,0.592499999999997,NA,NA,NA,NA,NA,NA,NA,1,NA,1,0,1938,2010,-0.0379625199682249,FALSE
"S238","Ruppia cirrhosa",-0.0072638888888889,14.9094166666667,NA,NA,NA,NA,NA,NA,NA,1,NA,1,0,1938,2010,-2.96714008877484,TRUE
"S239","Salicornia europaea",-0.002,4.403,NA,NA,NA,NA,NA,NA,NA,1,NA,1,0,1938,2010,-0.821557093298048,FALSE
"S240","Salix pentandra",-0.00190277777777778,4.13158333333334,NA,NA,NA,NA,NA,NA,NA,1,NA,1,0,1938,2010,-1.3667237896508,FALSE
"S241","Sanicula europaea",-0.00858333333333334,17.6785,NA,NA,NA,NA,NA,NA,NA,1,NA,1,0,1938,2010,-3.24934788640637,TRUE
"S242","Scandix pecten-veneris",-0.00850000000000001,17.25,NA,NA,NA,NA,NA,NA,NA,1,NA,1,0,1938,2010,-4.04978433545856,TRUE
"S243","Schedonorus arundinaceus",-0.00393055555555556,8.54441666666667,NA,NA,NA,NA,NA,NA,NA,1,NA,1,0,1938,2010,-1.48895820619398,FALSE
"S244","Schedonorus giganteus",-0.000819444444444445,2.03208333333333,NA,NA,NA,NA,NA,NA,NA,1,NA,1,0,1938,2010,-0.522615266098644,FALSE
"S245","Schoenoplectus tabernaemontani",-0.00768055555555556,16.2389166666667,NA,NA,NA,NA,NA,NA,NA,1,NA,1,0,1938,2010,-1.97953743202594,TRUE
"S246","Schoenus ferrugineus",-0.00270833333333333,5.72875,NA,NA,NA,NA,NA,NA,NA,1,NA,1,0,1938,2010,-1.53471959067511,FALSE
"S247","Sedum album",-0.0127638888888889,26.2794166666667,NA,NA,NA,NA,NA,NA,NA,1,NA,1,0,1938,2010,-3.21769559603716,TRUE
"S248","Sedum rupestre",-0.00602777777777778,12.5358333333333,NA,NA,NA,NA,NA,NA,NA,1,NA,1,0,1938,2010,-2.73823847069164,TRUE
"S249","Sedum sexangulare",-0.00319444444444444,6.88883333333333,NA,NA,NA,NA,NA,NA,NA,1,NA,1,0,1938,2010,-1.0127344582959,FALSE
"S250","Senecio sylvaticus",0.00108333333333334,-1.78750000000001,NA,NA,NA,NA,NA,NA,NA,1,NA,1,0,1938,2010,0.827495968534197,FALSE
"S251","Seseli libanotis",-0.00855555555555556,17.4246666666667,NA,NA,NA,NA,NA,NA,NA,1,NA,1,0,1938,2010,-3.3866096588047,TRUE
"S252","Setaria viridis",-0.000958333333333335,2.24025,NA,NA,NA,NA,NA,NA,NA,1,NA,1,0,1938,2010,-0.599433695013036,FALSE
"S253","Sherardia arvensis",-0.00569444444444445,11.6648333333333,NA,NA,NA,NA,NA,NA,NA,1,NA,1,0,1938,2010,-3.1928133368935,TRUE
"S254","Sium latifolium",-0.00687500000000001,14.17575,NA,NA,NA,NA,NA,NA,NA,1,NA,1,0,1938,2010,-3.23833897075887,TRUE
"S255","Solidago virgaurea",-0.00609722222222223,12.5014166666667,NA,NA,NA,NA,NA,NA,NA,1,NA,1,0,1938,2010,-3.30439659048297,TRUE
"S256","Sparganium emersum",-0.00661111111111112,13.4713333333333,NA,NA,NA,NA,NA,NA,NA,1,NA,1,0,1938,2010,-3.84609579056329,TRUE
"S257","Sparganium erectum",-0.00506944444444445,10.4905833333333,NA,NA,NA,NA,NA,NA,NA,1,NA,1,0,1938,2010,-2.84453968380726,TRUE
"S258","Sparganium natans",-0.0035,7.34200000000001,NA,NA,NA,NA,NA,NA,NA,1,NA,1,0,1938,2010,-1.75538378026633,FALSE
"S259","Spergularia rubra",0.00113888888888889,-1.83916666666667,NA,NA,NA,NA,NA,NA,NA,1,NA,1,0,1938,2010,0.680456921756304,FALSE
"S260","Stachys palustris",-0.00109722222222222,2.64441666666667,NA,NA,NA,NA,NA,NA,NA,1,NA,1,0,1938,2010,-0.606027124326371,FALSE
"S261","Stachys sylvatica",-0.00183333333333333,4.072,NA,NA,NA,NA,NA,NA,NA,1,NA,1,0,1938,2010,-1.16264592167076,FALSE
"S262","Stellaria holostea",0.000902777777777779,-1.30758333333334,NA,NA,NA,NA,NA,NA,NA,1,NA,1,0,1938,2010,0.43456149797912,FALSE
"S263","Stellaria palustris",-0.00615277777777778,12.5560833333333,NA,NA,NA,NA,NA,NA,NA,1,NA,1,0,1938,2010,-2.92947390955122,TRUE
"S264","Suaeda maritima",-0.00279166666666667,5.95225,NA,NA,NA,NA,NA,NA,NA,1,NA,1,0,1938,2010,-1.09868877926051,FALSE
"S265","Tanacetum vulgare",-0.005625,12.10525,NA,NA,NA,NA,NA,NA,NA,1,NA,1,0,1938,2010,-1.58027197759026,FALSE
"S266","Teesdalia nudicaulis",-0.000944444444444445,2.30833333333333,NA,NA,NA,NA,NA,NA,NA,1,NA,1,0,1938,2010,-0.465219022172518,FALSE
"S267","Thalictrum flavum",-0.00959722222222222,19.8374166666667,NA,NA,NA,NA,NA,NA,NA,1,NA,1,0,1938,2010,-3.10829538042826,TRUE
"S268","Thelypteris palustris",-0.0101388888888889,20.5851666666667,NA,NA,NA,NA,NA,NA,NA,1,NA,1,0,1938,2010,-4.12245199533071,TRUE
"S269","Tilia cordata",-0.00272222222222222,5.84666666666666,NA,NA,NA,NA,NA,NA,NA,1,NA,1,0,1938,2010,-1.55223484549035,FALSE
"S270","Tragopogon pratensis",-0.000930555555555555,2.44541666666666,NA,NA,NA,NA,NA,NA,NA,1,NA,1,0,1938,2010,-0.460233877509323,FALSE
"S271","Trifolium fragiferum",-0.00811111111111112,16.8143333333333,NA,NA,NA,NA,NA,NA,NA,1,NA,1,0,1938,2010,-2.9630930116433,TRUE
"S272","Trifolium striatum",-0.00173611111111111,3.92758333333334,NA,NA,NA,NA,NA,NA,NA,1,NA,1,0,1938,2010,-1.02181353816755,FALSE
"S273","Triglochin maritima",-0.0103194444444445,21.1870833333333,NA,NA,NA,NA,NA,NA,NA,1,NA,1,0,1938,2010,-3.50526296617701,TRUE
"S274","Trollius europaeus",-0.00630555555555556,12.9461666666667,NA,NA,NA,NA,NA,NA,NA,1,NA,1,0,1938,2010,-1.21265165041571,FALSE
"S275","Ulmus glabra",-1.38888888888894e-05,0.555916666666668,NA,NA,NA,NA,NA,NA,NA,1,NA,1,0,1938,2010,-0.00783308507198789,FALSE
"S276","Ulmus laevis",-0.000166666666666666,0.677999999999999,NA,NA,NA,NA,NA,NA,NA,1,NA,1,0,1938,2010,-0.0878137591278888,FALSE
"S277","Ulmus minor",-0.00275,5.8535,NA,NA,NA,NA,NA,NA,NA,1,NA,1,0,1938,2010,-1.7566892664445,FALSE
"S278","Utricularia vulgaris",-0.000916666666666668,2.1315,NA,NA,NA,NA,NA,NA,NA,1,NA,1,0,1938,2010,-0.606859671427316,FALSE
"S279","Vaccinium myrtillus",-0.00865277777777778,17.8370833333333,NA,NA,NA,NA,NA,NA,NA,1,NA,1,0,1938,2010,-2.95579512434598,TRUE
"S280","Vaccinium vitis-idaea",-0.00538888888888889,11.3256666666667,NA,NA,NA,NA,NA,NA,NA,1,NA,1,0,1938,2010,-1.88134618702117,FALSE
"S281","Valeriana dioica",-0.00719444444444445,14.6908333333333,NA,NA,NA,NA,NA,NA,NA,1,NA,1,0,1938,2010,-3.46312086081822,TRUE
"S282","Valerianella dentata",-0.00677777777777778,13.8403333333333,NA,NA,NA,NA,NA,NA,NA,1,NA,1,0,1938,2010,-3.67322445593551,TRUE
"S283","Verbascum densiflorum",-0.00730555555555556,14.9251666666667,NA,NA,NA,NA,NA,NA,NA,1,NA,1,0,1938,2010,-2.58424401341231,TRUE
"S284","Verbascum nigrum",-0.00654166666666667,13.56875,NA,NA,NA,NA,NA,NA,NA,1,NA,1,0,1938,2010,-2.89502381160711,TRUE
"S285","Veronica beccabunga",-0.00423611111111111,8.99358333333334,NA,NA,NA,NA,NA,NA,NA,1,NA,1,0,1938,2010,-2.01032394920458,TRUE
"S286","Veronica persica",0.00123611111111111,-1.73158333333334,NA,NA,NA,NA,NA,NA,NA,1,NA,1,0,1938,2010,0.485001021007516,FALSE
"S287","Vicia tenuifolia",-0.00451388888888889,9.39591666666667,NA,NA,NA,NA,NA,NA,NA,1,NA,1,0,1938,2010,-2.56478613519481,TRUE
"S288","Vincetoxicum hirundinaria",-0.0131666666666667,26.95,NA,NA,NA,NA,NA,NA,NA,1,NA,1,0,1938,2010,-3.73202316450825,TRUE
"S289","Viola elatior",-0.00461111111111111,9.48333333333334,NA,NA,NA,NA,NA,NA,NA,1,NA,1,0,1938,2010,-2.15675375638918,TRUE
"S290","Viola mirabilis",-0.0108194444444444,22.0250833333333,NA,NA,NA,NA,NA,NA,NA,1,NA,1,0,1938,2010,-4.19856115340674,TRUE
"S291","Viola odorata",0.00366666666666667,-6.92700000000001,NA,NA,NA,NA,NA,NA,NA,1,NA,1,0,1938,2010,3.20311933935259,TRUE
"S292","Viola palustris",-0.00695833333333334,14.33725,NA,NA,NA,NA,NA,NA,NA,1,NA,1,0,1938,2010,-2.15657983654131,TRUE
"S293","Viola tricolor",-0.00258333333333334,5.5435,NA,NA,NA,NA,NA,NA,NA,1,NA,1,0,1938,2010,-1.45731153363903,FALSE
"S294","Viscaria alpina",-0.00452777777777778,9.45683333333334,NA,NA,NA,NA,NA,NA,NA,1,NA,1,0,1938,2010,-1.61273534661026,FALSE
"S295","Viscaria vulgaris",-0.0100277777777778,20.5158333333334,NA,NA,NA,NA,NA,NA,NA,1,NA,1,0,1938,2010,-3.81663491340985,TRUE
